INSERT IGNORE INTO `user` (`user_id`, `username`, `password`, `avatar`) VALUES
  (1, 'user1', '$2a$10$EX5sCECRxuYHRpLH4bxMIuklDbX55vmFUKEZSyqDEpS0F3zpYGD/y', '默认头像.png'),
  (2, 'user2', '$2a$10$EX5sCECRxuYHRpLH4bxMIuklDbX55vmFUKEZSyqDEpS0F3zpYGD/y', '默认头像.png'),
  (3, 'user3', '$2a$10$EX5sCECRxuYHRpLH4bxMIuklDbX55vmFUKEZSyqDEpS0F3zpYGD/y', '默认头像.png'),
  (4, 'user4', '$2a$10$EX5sCECRxuYHRpLH4bxMIuklDbX55vmFUKEZSyqDEpS0F3zpYGD/y', '默认头像.png'),
  (5, 'user5', '$2a$10$EX5sCECRxuYHRpLH4bxMIuklDbX55vmFUKEZSyqDEpS0F3zpYGD/y', '默认头像.png'),
  (6, 'user6', '$2a$10$EX5sCECRxuYHRpLH4bxMIuklDbX55vmFUKEZSyqDEpS0F3zpYGD/y', '默认头像.png'),
  (7, 'user7', '$2a$10$EX5sCECRxuYHRpLH4bxMIuklDbX55vmFUKEZSyqDEpS0F3zpYGD/y', '默认头像.png'),
  (8, 'user8', '$2a$10$EX5sCECRxuYHRpLH4bxMIuklDbX55vmFUKEZSyqDEpS0F3zpYGD/y', '默认头像.png'),
  (9, 'user9', '$2a$10$EX5sCECRxuYHRpLH4bxMIuklDbX55vmFUKEZSyqDEpS0F3zpYGD/y', '默认头像.png'),
  (10, 'user10', '$2a$10$EX5sCECRxuYHRpLH4bxMIuklDbX55vmFUKEZSyqDEpS0F3zpYGD/y', '默认头像.png');

-- 2. 插入10条用户详情
INSERT IGNORE INTO `user_details` (`user_id`, `phone`, `email`, `gender`, `bio`, `follow_count`, `fans_count`, `post_count`, `like_receive_count`, `status`) VALUES
  (1, '13800000001', 'user1@example.com', 1, '这是用户1的简介', 0, 0, 0, 0, 1),
  (2, '13800000002', 'user2@example.com', 2, '这是用户2的简介', 0, 0, 0, 0, 1),
  (3, '13800000003', 'user3@example.com', 0, '这是用户3的简介', 0, 0, 0, 0, 1),
  (4, '13800000004', 'user4@example.com', 1, '这是用户4的简介', 0, 0, 0, 0, 1),
  (5, '13800000005', 'user5@example.com', 2, '这是用户5的简介', 0, 0, 0, 0, 1),
  (6, '13800000006', 'user6@example.com', 1, '这是用户6的简介', 0, 0, 0, 0, 1),
  (7, '13800000007', 'user7@example.com', 0, '这是用户7的简介', 0, 0, 0, 0, 1),
  (8, '13800000008', 'user8@example.com', 2, '这是用户8的简介', 0, 0, 0, 0, 1),
  (9, '13800000009', 'user9@example.com', 1, '这是用户9的简介', 0, 0, 0, 0, 1),
  (10, '13800000010', 'user10@example.com', 1, '这是用户10的简介', 0, 0, 0, 0, 1);

-- 3. 插入3个话题
INSERT IGNORE INTO `topic` (`topic_id`, `topic_name`, `topic_description`, `topic_icon`, `cover`, `post_count`, `follow_count`, `is_hot`) VALUES
  (1, '科技', '讨论最新科技动态', '测试用的话题图标.jpg', '测试用的话题封面.jpg', 0, 0, 1),
  (2, '美食', '分享美食探店与制作', '测试用的话题图标.jpg', '测试用的话题封面.jpg', 0, 0, 1),
  (3, '旅行', '记录旅途风景与攻略', '测试用的话题图标.jpg', '测试用的话题封面.jpg', 0, 0, 0);

-- 4. 插入30个帖子 (post_id 1 ~ 30)
INSERT IGNORE INTO `post` (`post_id`, `user_id`, `title`, `content`, `cover_image`) VALUES
  (1, 1, '科技帖1：AI最新进展', '人工智能领域又有了新突破...', '测试用的帖子封面.jpg'),
  (2, 1, '科技帖2：量子计算入门', '量子计算的基本原理介绍...', '测试用的帖子封面.jpg'),
  (3, 1, '科技帖3：5G未来展望', '5G技术将如何改变生活...', '测试用的帖子封面.jpg'),
  (4, 2, '科技帖4：区块链应用', '区块链在金融之外的应用...', '测试用的帖子封面.jpg'),
  (5, 2, '科技帖5：虚拟现实', 'VR设备体验分享...', '测试用的帖子封面.jpg'),
  (6, 2, '科技帖6：无人驾驶', '无人驾驶技术现状...', '测试用的帖子封面.jpg'),
  (7, 3, '科技帖7：智能手机', '最新旗舰手机评测...', '测试用的帖子封面.jpg'),
  (8, 3, '科技帖8：编程语言', '2025年最值得学习的语言...', '测试用的帖子封面.jpg'),
  (9, 3, '科技帖9：数据中心', '绿色数据中心的发展...', '测试用的帖子封面.jpg'),
  (10, 4, '科技帖10：太空探索', '商业航天的最新动态...', '测试用的帖子封面.jpg'),
  (11, 4, '美食帖1：火锅攻略', '本地最好吃的火锅店推荐...', '测试用的帖子封面.jpg'),
  (12, 4, '美食帖2：甜品制作', '在家自制提拉米苏...', '测试用的帖子封面.jpg'),
  (13, 5, '美食帖3：烧烤指南', '户外烧烤必备清单...', '测试用的帖子封面.jpg'),
  (14, 5, '美食帖4：咖啡文化', '不同咖啡豆的风味区别...,', '测试用的帖子封面.jpg'),
  (15, 5, '美食帖5：素食餐厅', '几家不错的素食餐厅...', '测试用的帖子封面.jpg'),
  (16, 6, '美食帖6：街头小吃', '隐藏在小巷里的美味...', '测试用的帖子封面.jpg'),
  (17, 6, '美食帖7：烘焙入门', '新手烘焙工具推荐...', '测试用的帖子封面.jpg'),
  (18, 6, '美食帖8：葡萄酒', '红酒选购小技巧...', '测试用的帖子封面.jpg'),
  (19, 7, '美食帖9：海鲜大餐', '海鲜市场的挑选攻略...', '测试用的帖子封面.jpg'),
  (20, 7, '美食帖10：便当食谱', '一周不重样便当搭配...', '测试用的帖子封面.jpg'),
  (21, 7, '旅行帖1：云南游记', '大理丽江七日游攻略...', '测试用的帖子封面.jpg'),
  (22, 8, '旅行帖2：西藏之旅', '高原旅行的注意事项...', '测试用的帖子封面.jpg'),
  (23, 8, '旅行帖3：海岛度假', '马尔代夫选岛指南...', '测试用的帖子封面.jpg'),
  (24, 8, '旅行帖4：自驾游', '川藏线自驾经验分享...', '测试用的帖子封面.jpg'),
  (25, 9, '旅行帖5：欧洲背包', '一个月穷游欧洲...', '测试用的帖子封面.jpg'),
  (26, 9, '旅行帖6：日本樱花', '京都赏樱最佳路线...', '测试用的帖子封面.jpg'),
  (27, 9, '旅行帖7：泰国夜市', '曼谷夜市美食合集...', '测试用的帖子封面.jpg'),
  (28, 10, '旅行帖8：新疆草原', '那拉提草原露营记录...', '测试用的帖子封面.jpg'),
  (29, 10, '旅行帖9：登山装备', '新手登山装备清单...', '测试用的帖子封面.jpg'),
  (30, 10, '旅行帖10：摄影技巧', '旅行拍照的构图技巧...', '测试用的帖子封面.jpg');

-- 5. 插入30条帖子详情
INSERT IGNORE INTO `post_details` (`post_id`, `type`, `view_count`, `like_count`, `comment_count`, `collect_count`) VALUES
  (1, 3, 0, 0, 0, 0), (2, 3, 0, 0, 0, 0),
  (3, 3, 0, 0, 0, 0), (4, 3, 0, 0, 0, 0),
  (5, 3, 0, 0, 0, 0), (6, 3, 0, 0, 0, 0),
  (7, 3, 0, 0, 0, 0), (8, 3, 0, 0, 0, 0),
  (9, 3, 0, 0, 0, 0), (10, 3, 0, 0, 0, 0),
  (11, 3, 0, 0, 0, 0), (12, 3, 0, 0, 0, 0),
  (13, 3, 0, 0, 0, 0), (14, 3, 0, 0, 0, 0),
  (15, 3, 0, 0, 0, 0), (16, 3, 0, 0, 0, 0),
  (17, 3, 0, 0, 0, 0), (18, 3, 0, 0, 0, 0),
  (19, 3, 0, 0, 0, 0), (20, 3, 0, 0, 0, 0),
  (21, 3, 0, 0, 0, 0), (22, 3, 0, 0, 0, 0),
  (23, 3, 0, 0, 0, 0), (24, 3, 0, 0, 0, 0),
  (25, 3, 0, 0, 0, 0), (26, 3, 0, 0, 0, 0),
  (27, 3, 0, 0, 0, 0), (28, 3, 0, 0, 0, 0),
  (29, 3, 0, 0, 0, 0), (30, 3, 0, 0, 0, 0);

-- 6. 插入30张帖子图片 (每个帖子1张)
INSERT IGNORE INTO `post_image` (`post_id`, `url`) VALUES
  (1, '测试用的帖子内照片.png'), (2, '测试用的帖子内照片.png'),
  (3, '测试用的帖子内照片.png'), (4, '测试用的帖子内照片.png'),
  (5, '测试用的帖子内照片.png'), (6, '测试用的帖子内照片.png'),
  (7, '测试用的帖子内照片.png'), (8, '测试用的帖子内照片.png'),
  (9, '测试用的帖子内照片.png'), (10, '测试用的帖子内照片.png'),
  (11, '测试用的帖子内照片.png'), (12, '测试用的帖子内照片.png'),
  (13, '测试用的帖子内照片.png'), (14, '测试用的帖子内照片.png'),
  (15, '测试用的帖子内照片.png'), (16, '测试用的帖子内照片.png'),
  (17, '测试用的帖子内照片.png'), (18, '测试用的帖子内照片.png'),
  (19, '测试用的帖子内照片.png'), (20, '测试用的帖子内照片.png'),
  (21, '测试用的帖子内照片.png'), (22, '测试用的帖子内照片.png'),
  (23, '测试用的帖子内照片.png'), (24, '测试用的帖子内照片.png'),
  (25, '测试用的帖子内照片.png'), (26, '测试用的帖子内照片.png'),
  (27, '测试用的帖子内照片.png'), (28, '测试用的帖子内照片.png'),
  (29, '测试用的帖子内照片.png'), (30, '测试用的帖子内照片.png');

-- 7. 插入帖子-话题关联：前10个帖子对应话题1，中间10个对应话题2，最后10个对应话题3
INSERT IGNORE INTO `post_topic` (`post_id`, `topic_id`) VALUES
  (1, 1), (2, 1), (3, 1), (4, 1), (5, 1),
  (6, 1), (7, 1), (8, 1), (9, 1), (10, 1),
  (11, 2), (12, 2), (13, 2), (14, 2), (15, 2),
  (16, 2), (17, 2), (18, 2), (19, 2), (20, 2),
  (21, 3), (22, 3), (23, 3), (24, 3), (25, 3),
  (26, 3), (27, 3), (28, 3), (29, 3), (30, 3);

-- 8. 插入评论 (每个帖子2条，共60条)
INSERT IGNORE INTO `comment` (`post_id`, `user_id`, `content`) VALUES
  (1, 2, '这篇文章很有启发！'), (1, 3, '感谢分享，学习了。'),
  (2, 4, '量子计算真的神奇'), (2, 5, '期待后续内容'),
  (3, 6, '5G未来可期'), (3, 7, '分析得很透彻'),
  (4, 8, '区块链应用场景很多'), (4, 9, '不错，收藏了'),
  (5, 10, 'VR体验过，确实震撼'), (5, 1, '设备价格还是偏高'),
  (6, 2, '无人驾驶安全第一'), (6, 3, '期待早日普及'),
  (7, 4, '手机评测很详细'), (7, 5, '正准备换手机'),
  (8, 6, 'Python永远的神'), (8, 7, 'Go语言也不错'),
  (9, 8, '绿色数据中心是趋势'), (9, 9, '环保很重要'),
  (10, 10, '太空探索令人向往'), (10, 1, '马斯克加油'),
  (11, 2, '火锅我的最爱'), (11, 3, '这家店我也去过'),
  (12, 4, '提拉米苏做法简单'), (12, 5, '回去试试'),
  (13, 6, '烧烤必备清单很实用'), (13, 7, '周末就去'),
  (14, 8, '咖啡爱好者路过'), (14, 9, '推荐尝试手冲'),
  (15, 10, '素食餐厅收藏了'), (15, 1, '健康饮食'),
  (16, 2, '街头小吃最接地气'), (16, 3, '看起来不错'),
  (17, 4, '烘焙新手表示很需要'), (17, 5, '烤箱已买'),
  (18, 6, '红酒知识+1'), (18, 7, '喜欢赤霞珠'),
  (19, 8, '海鲜大餐馋了'), (19, 9, '周末去市场'),
  (20, 10, '便当食谱很实用'), (20, 1, '每天带饭'),
  (21, 2, '云南风景真美'), (21, 3, '去年刚去过'),
  (22, 4, '西藏是梦想之地'), (22, 5, '高反是个问题'),
  (23, 6, '马尔代夫好贵'), (23, 7, '攒钱中'),
  (24, 8, '川藏线风景绝了'), (24, 9, '注意安全'),
  (25, 10, '穷游欧洲很有经验'), (25, 1, '期待更多分享'),
  (26, 2, '日本樱花季很美'), (26, 3, '人太多了'),
  (27, 4, '泰国夜市必去'), (27, 5, '火车夜市不错'),
  (28, 6, '新疆草原太治愈'), (28, 7, '想去'),
  (29, 8, '登山装备很重要'), (29, 9, '安全第一'),
  (30, 10, '摄影技巧很受用'), (30, 1, '学到了');

-- 9. 插入关注关系 (每个用户随机关注3~5个其他用户，共约45条)
INSERT IGNORE INTO `follow` (`follower_id`, `following_id`) VALUES
  (1, 2), (1, 3), (1, 4), (1, 5),
  (2, 1), (2, 3), (2, 6), (2, 7),
  (3, 4), (3, 5), (3, 8), (3, 9),
  (4, 1), (4, 2), (4, 6), (4, 10),
  (5, 2), (5, 3), (5, 7), (5, 8),
  (6, 1), (6, 4), (6, 9), (6, 10),
  (7, 3), (7, 5), (7, 8), (7, 9),
  (8, 2), (8, 4), (8, 6), (8, 7),
  (9, 1), (9, 5), (9, 8), (9, 10),
  (10, 2), (10, 3), (10, 6), (10, 7),
  (1, 6), (2, 8), (3, 10), (4, 7), (5, 9);

INSERT IGNORE INTO `like` (`user_id`, `post_id`) VALUES
  (1, 3), (2, 7), (3, 12), (4, 5), (5, 19),
  (6, 8), (7, 14), (8, 2), (9, 11), (10, 17),
  (1, 20), (2, 9), (3, 4), (4, 15), (5, 6),
  (6, 13), (7, 1), (8, 18), (9, 10), (10, 16);
