-- 插入用户数据（20 个）
INSERT INTO `user` (`user_id`, `username`, `password`, `avatar`, `create_time`) VALUES
(1, 'alice', '$2a$10$XJp1W5Rf3yU6ZQ7kL9mN0e', 'https://encrypted-tbn0.gstatic.com/images?q=tbn:ANd9GcSIqDqIqdyQxnYeRa-L5muAwwUNb_iGAzNVTw&s', '2023-01-15 08:30:00'),
(2, 'bob', '$2a$10$XJp1W5Rf3yU6ZQ7kL9mN0e', 'https://encrypted-tbn0.gstatic.com/images?q=tbn:ANd9GcSIqDqIqdyQxnYeRa-L5muAwwUNb_iGAzNVTw&s', '2023-02-20 14:20:00'),
(3, 'charlie', '$2a$10$XJp1W5Rf3yU6ZQ7kL9mN0e', 'https://encrypted-tbn0.gstatic.com/images?q=tbn:ANd9GcSIqDqIqdyQxnYeRa-L5muAwwUNb_iGAzNVTw&s', '2023-03-10 09:45:00'),
(4, 'diana', '$2a$10$XJp1W5Rf3yU6ZQ7kL9mN0e', 'https://encrypted-tbn0.gstatic.com/images?q=tbn:ANd9GcSIqDqIqdyQxnYeRa-L5muAwwUNb_iGAzNVTw&s', '2023-04-05 11:10:00'),
(5, 'eve', '$2a$10$XJp1W5Rf3yU6ZQ7kL9mN0e', 'https://encrypted-tbn0.gstatic.com/images?q=tbn:ANd9GcSIqDqIqdyQxnYeRa-L5muAwwUNb_iGAzNVTw&s', '2023-05-12 16:30:00'),
(6, 'frank', '$2a$10$XJp1W5Rf3yU6ZQ7kL9mN0e', 'https://encrypted-tbn0.gstatic.com/images?q=tbn:ANd9GcSIqDqIqdyQxnYeRa-L5muAwwUNb_iGAzNVTw&s', '2023-06-18 10:00:00'),
(7, 'grace', '$2a$10$XJp1W5Rf3yU6ZQ7kL9mN0e', 'https://encrypted-tbn0.gstatic.com/images?q=tbn:ANd9GcSIqDqIqdyQxnYeRa-L5muAwwUNb_iGAzNVTw&s', '2023-07-22 13:15:00'),
(8, 'henry', '$2a$10$XJp1W5Rf3yU6ZQ7kL9mN0e', 'https://encrypted-tbn0.gstatic.com/images?q=tbn:ANd9GcSIqDqIqdyQxnYeRa-L5muAwwUNb_iGAzNVTw&s', '2023-08-30 09:30:00'),
(9, 'ivy', '$2a$10$XJp1W5Rf3yU6ZQ7kL9mN0e', 'https://encrypted-tbn0.gstatic.com/images?q=tbn:ANd9GcSIqDqIqdyQxnYeRa-L5muAwwUNb_iGAzNVTw&s', '2023-09-14 17:45:00'),
(10, 'jack', '$2a$10$XJp1W5Rf3yU6ZQ7kL9mN0e', 'https://encrypted-tbn0.gstatic.com/images?q=tbn:ANd9GcSIqDqIqdyQxnYeRa-L5muAwwUNb_iGAzNVTw&s', '2023-10-01 08:00:00'),
(11, 'kate', '$2a$10$XJp1W5Rf3yU6ZQ7kL9mN0e', 'https://encrypted-tbn0.gstatic.com/images?q=tbn:ANd9GcSIqDqIqdyQxnYeRa-L5muAwwUNb_iGAzNVTw&s', '2023-11-11 12:30:00'),
(12, 'leo', '$2a$10$XJp1W5Rf3yU6ZQ7kL9mN0e', 'https://encrypted-tbn0.gstatic.com/images?q=tbn:ANd9GcSIqDqIqdyQxnYeRa-L5muAwwUNb_iGAzNVTw&s', '2023-12-03 15:20:00'),
(13, 'mia', '$2a$10$XJp1W5Rf3yU6ZQ7kL9mN0e', 'https://encrypted-tbn0.gstatic.com/images?q=tbn:ANd9GcSIqDqIqdyQxnYeRa-L5muAwwUNb_iGAzNVTw&s', '2024-01-05 09:00:00'),
(14, 'nick', '$2a$10$XJp1W5Rf3yU6ZQ7kL9mN0e', 'https://encrypted-tbn0.gstatic.com/images?q=tbn:ANd9GcSIqDqIqdyQxnYeRa-L5muAwwUNb_iGAzNVTw&s', '2024-02-14 14:45:00'),
(15, 'olivia', '$2a$10$XJp1W5Rf3yU6ZQ7kL9mN0e', 'https://encrypted-tbn0.gstatic.com/images?q=tbn:ANd9GcSIqDqIqdyQxnYeRa-L5muAwwUNb_iGAzNVTw&s', '2024-03-01 10:30:00'),
(16, 'paul', '$2a$10$XJp1W5Rf3yU6ZQ7kL9mN0e', 'https://encrypted-tbn0.gstatic.com/images?q=tbn:ANd9GcSIqDqIqdyQxnYeRa-L5muAwwUNb_iGAzNVTw&s', '2024-03-20 16:10:00'),
(17, 'quinn', '$2a$10$XJp1W5Rf3yU6ZQ7kL9mN0e', 'https://encrypted-tbn0.gstatic.com/images?q=tbn:ANd9GcSIqDqIqdyQxnYeRa-L5muAwwUNb_iGAzNVTw&s', '2024-04-08 11:25:00'),
(18, 'rose', '$2a$10$XJp1W5Rf3yU6ZQ7kL9mN0e', 'https://encrypted-tbn0.gstatic.com/images?q=tbn:ANd9GcSIqDqIqdyQxnYeRa-L5muAwwUNb_iGAzNVTw&s', '2024-05-03 13:40:00'),
(19, 'sam', '$2a$10$XJp1W5Rf3yU6ZQ7kL9mN0e', 'https://encrypted-tbn0.gstatic.com/images?q=tbn:ANd9GcSIqDqIqdyQxnYeRa-L5muAwwUNb_iGAzNVTw&s', '2024-05-25 09:55:00'),
(20, 'tina', '$2a$10$XJp1W5Rf3yU6ZQ7kL9mN0e', 'https://encrypted-tbn0.gstatic.com/images?q=tbn:ANd9GcSIqDqIqdyQxnYeRa-L5muAwwUNb_iGAzNVTw&s', '2024-06-10 17:30:00');

-- 插入帖子数据（50 个）
INSERT INTO `post` (`post_id`, `user_id`, `title`, `content`, `create_time`) VALUES
(1, 1, '我的第一篇帖子', '大家好，这是我的第一篇帖子，希望和大家交流。', '2023-01-20 10:15:00'),
(2, 1, '旅行日记', '昨天去了海边，风景很美，分享几张照片。', '2023-02-01 14:30:00'),
(3, 1, '读书笔记', '最近在读《人类简史》，感触颇深。', '2023-02-18 09:20:00'),
(4, 2, '编程入门指南', '想学编程？从Python开始吧。', '2023-03-01 11:00:00'),
(5, 2, '健身打卡', '坚持健身一个月，效果显著！', '2023-03-15 16:45:00'),
(6, 3, '电影推荐', '《肖申克的救赎》值得反复观看。', '2023-03-25 13:10:00'),
(7, 3, '周末随想', '周末在家做了一顿美食，心情愉悦。', '2023-04-02 18:30:00'),
(8, 4, '科技前沿', 'AI 最新进展：GPT-5 即将发布？', '2023-04-20 09:00:00'),
(9, 4, '摄影作品', '分享几张春天拍摄的花卉。', '2023-05-01 15:20:00'),
(10, 5, '考研经验', '上岸985，分享我的复习计划。', '2023-05-20 10:45:00'),
(11, 5, '英语学习', '每天坚持背单词，三个月后进步明显。', '2023-06-05 14:10:00'),
(12, 6, '育儿心得', '如何培养孩子的阅读习惯？', '2023-06-25 09:30:00'),
(13, 6, '装修记录', '新房装修全过程，多图预警。', '2023-07-10 16:00:00'),
(14, 7, '职场感悟', '工作五年，我学到的三件事。', '2023-07-30 11:20:00'),
(15, 7, '投资理财', '小白如何开始基金定投？', '2023-08-15 13:45:00'),
(16, 8, '游戏推荐', '《塞尔达传说》yyds！', '2023-08-28 17:30:00'),
(17, 8, '动漫讨论', '《进击的巨人》结局你怎么看？', '2023-09-10 10:00:00'),
(18, 9, '美食探店', '发现一家宝藏餐厅，强烈推荐。', '2023-09-25 12:15:00'),
(19, 9, '烘焙日记', '第一次做蛋糕，成功！', '2023-10-08 15:30:00'),
(20, 10, '穿搭分享', '秋季穿搭指南', '2023-10-20 09:45:00'),
(21, 10, '护肤心得', '油皮护肤流程分享', '2023-11-02 14:20:00'),
(22, 11, '宠物日常', '我家猫咪太可爱了', '2023-11-18 11:00:00'),
(23, 11, '绿植养护', '多肉植物怎么养？', '2023-12-01 16:10:00'),
(24, 12, '读书会', '《活着》读后感', '2023-12-15 10:30:00'),
(25, 12, '电影清单', '2023年十佳电影', '2023-12-28 13:50:00'),
(26, 13, '新年计划', '2024年目标清单', '2024-01-10 09:15:00'),
(27, 13, '滑雪体验', '第一次滑雪，摔得好惨', '2024-01-20 17:00:00'),
(28, 14, '数码评测', '最新款手机使用体验', '2024-02-01 12:30:00'),
(29, 14, '软件推荐', '提高效率的5个工具', '2024-02-18 14:45:00'),
(30, 15, '健身打卡', '练出马甲线', '2024-03-05 08:20:00'),
(31, 15, '健康饮食', '一周减脂餐食谱', '2024-03-15 11:40:00'),
(32, 16, '旅行攻略', '云南七日游详细攻略', '2024-03-28 15:10:00'),
(33, 16, '摄影技巧', '手机摄影入门', '2024-04-10 10:00:00'),
(34, 17, '心理学', '如何克服焦虑？', '2024-04-20 13:30:00'),
(35, 17, '人际关系', '高情商聊天技巧', '2024-05-02 16:45:00'),
(36, 18, '手工DIY', '旧物改造', '2024-05-15 09:00:00'),
(37, 18, '音乐分享', '我喜欢的独立乐队', '2024-05-25 14:20:00'),
(38, 19, '学习打卡', '备战雅思', '2024-06-01 10:30:00'),
(39, 19, '留学申请', '文书写作经验', '2024-06-10 17:15:00'),
(40, 20, '副业赚钱', '自媒体怎么做', '2024-06-20 08:45:00'),
(41, 20, '自由职业', '成为数字游民的一年', '2024-06-30 12:00:00'),
(42, 2, '科技产品', '智能手表有用吗？', '2024-01-05 15:30:00'),
(43, 4, '书单分享', '2023年读过的好书', '2023-12-10 11:10:00'),
(44, 6, '育儿难题', '孩子厌学怎么办', '2024-02-25 09:30:00'),
(45, 8, '游戏攻略', '原神角色培养建议', '2023-11-20 16:20:00'),
(46, 10, '理财心得', '存钱小技巧', '2024-03-08 14:00:00'),
(47, 12, '生活记录', '周末逛公园', '2024-01-18 10:45:00'),
(48, 14, '职场技能', 'PPT制作技巧', '2024-04-05 13:15:00'),
(49, 16, '户外运动', '爬山初体验', '2024-05-08 09:50:00'),
(50, 18, '情感话题', '异地恋怎么维持', '2024-06-12 18:00:00');

-- 插入评论数据（200 条）
-- 为每个帖子生成 3-5 条评论，总共 200 条，时间在帖子之后
INSERT INTO `comment` (`comment_id`, `post_id`, `user_id`, `content`, `create_time`) VALUES
(1, 1, 2, '沙发！欢迎新人', '2023-01-20 11:00:00'),
(2, 1, 3, '加油更新', '2023-01-20 12:30:00'),
(3, 1, 5, '期待更多内容', '2023-01-21 09:15:00'),
(4, 1, 7, '支持一下', '2023-01-21 14:20:00'),
(5, 2, 4, '照片拍得真好', '2023-02-01 15:45:00'),
(6, 2, 6, '这是哪里呀？', '2023-02-02 10:30:00'),
(7, 2, 9, '我也想去海边', '2023-02-02 16:10:00'),
(8, 3, 2, '这本书我也在看', '2023-02-18 10:30:00'),
(9, 3, 8, '写得不错', '2023-02-19 08:45:00'),
(10, 3, 11, '求电子版', '2023-02-19 13:20:00'),
(11, 4, 1, 'Python 确实简单', '2023-03-01 12:00:00'),
(12, 4, 5, '有推荐的教程吗', '2023-03-02 09:30:00'),
(13, 4, 10, '已收藏', '2023-03-02 15:15:00'),
(14, 4, 13, '谢谢分享', '2023-03-03 10:45:00'),
(15, 5, 3, '好厉害', '2023-03-15 17:30:00'),
(16, 5, 7, '我也在健身，一起加油', '2023-03-16 08:20:00'),
(17, 5, 12, '效果明显吗', '2023-03-16 14:10:00'),
(18, 6, 2, '经典中的经典', '2023-03-25 14:00:00'),
(19, 6, 9, '我看了三遍', '2023-03-26 09:45:00'),
(20, 6, 14, '每次看都有新感悟', '2023-03-26 16:30:00'),
(21, 7, 4, '厨艺不错啊', '2023-04-02 19:00:00'),
(22, 7, 8, '求食谱', '2023-04-03 10:15:00'),
(23, 7, 15, '周末就是要放松', '2023-04-03 14:30:00'),
(24, 8, 5, 'GPT-5 真的假的', '2023-04-20 10:00:00'),
(25, 8, 11, '期待', '2023-04-21 08:30:00'),
(26, 8, 17, 'AI 发展太快了', '2023-04-21 15:20:00'),
(27, 8, 20, '会不会取代人类', '2023-04-22 09:10:00'),
(28, 9, 6, '春天真美', '2023-05-01 16:00:00'),
(29, 9, 12, '拍得专业', '2023-05-02 11:20:00'),
(30, 9, 18, '用什么设备拍的', '2023-05-02 17:45:00'),
(31, 10, 3, '恭喜上岸', '2023-05-20 11:30:00'),
(32, 10, 8, '谢谢分享经验', '2023-05-21 09:15:00'),
(33, 10, 14, '正在备考，有用', '2023-05-21 15:40:00'),
(34, 10, 19, '收藏了', '2023-05-22 10:00:00'),
(35, 11, 1, '我也在背单词', '2023-06-05 15:00:00'),
(36, 11, 7, '用的什么APP', '2023-06-06 08:45:00'),
(37, 11, 13, '坚持就是胜利', '2023-06-06 13:30:00'),
(38, 12, 4, '好文章', '2023-06-25 10:30:00'),
(39, 12, 9, '孩子刚出生，学习一下', '2023-06-26 09:20:00'),
(40, 12, 16, '很有启发', '2023-06-26 16:10:00'),
(41, 13, 2, '装修真累', '2023-07-10 17:00:00'),
(42, 13, 6, '花了多少钱', '2023-07-11 10:30:00'),
(43, 13, 11, '风格很好看', '2023-07-11 15:45:00'),
(44, 13, 18, '求设计公司', '2023-07-12 09:15:00'),
(45, 14, 5, '感同身受', '2023-07-30 12:00:00'),
(46, 14, 10, '说的太对了', '2023-07-31 08:30:00'),
(47, 14, 15, '我也工作五年，加油', '2023-07-31 14:20:00'),
(48, 15, 3, '基金最近跌惨了', '2023-08-15 14:30:00'),
(49, 15, 8, '定投要坚持', '2023-08-16 09:45:00'),
(50, 15, 12, '新手求带', '2023-08-16 16:10:00'),
(51, 15, 19, '收藏学习', '2023-08-17 10:30:00'),
(52, 16, 1, '塞尔达天下第一', '2023-08-28 18:30:00'),
(53, 16, 7, '通关了没', '2023-08-29 09:20:00'),
(54, 16, 14, '我还在初始台地', '2023-08-29 15:40:00'),
(55, 17, 4, '结局我不太满意', '2023-09-10 11:00:00'),
(56, 17, 9, '艾伦好惨', '2023-09-11 08:45:00'),
(57, 17, 16, '漫画党路过', '2023-09-11 14:30:00'),
(58, 18, 2, '店名叫什么', '2023-09-25 13:00:00'),
(59, 18, 6, '看起来很好吃', '2023-09-26 10:15:00'),
(60, 18, 11, '改天去试试', '2023-09-26 17:20:00'),
(61, 18, 17, '人均多少', '2023-09-27 09:30:00'),
(62, 19, 3, '好厉害', '2023-10-08 16:15:00'),
(63, 19, 8, '可以开店了', '2023-10-09 10:30:00'),
(64, 19, 13, '求教程', '2023-10-09 15:50:00'),
(65, 20, 5, '搭配很好看', '2023-10-20 10:30:00'),
(66, 20, 10, '衣服链接有吗', '2023-10-21 09:15:00'),
(67, 20, 15, '学到了', '2023-10-21 14:40:00'),
(68, 21, 1, '我也是油皮', '2023-11-02 15:00:00'),
(69, 21, 7, '推荐洗面奶', '2023-11-03 08:30:00'),
(70, 21, 12, '试试你说的', '2023-11-03 13:20:00'),
(71, 21, 18, '收藏了', '2023-11-04 09:45:00'),
(72, 22, 4, '猫咪好萌', '2023-11-18 12:00:00'),
(73, 22, 9, '什么品种', '2023-11-19 10:10:00'),
(74, 22, 14, '我家也是橘猫', '2023-11-19 16:30:00'),
(75, 23, 2, '多肉好养吗', '2023-12-01 17:00:00'),
(76, 23, 6, '我养死了好多', '2023-12-02 09:20:00'),
(77, 23, 11, '少浇水', '2023-12-02 14:45:00'),
(78, 23, 16, '学到了', '2023-12-03 10:30:00'),
(79, 24, 3, '这本书太悲伤了', '2023-12-15 11:30:00'),
(80, 24, 8, '活着就是幸福', '2023-12-16 08:15:00'),
(81, 24, 13, '看过电影也很感人', '2023-12-16 15:20:00'),
(82, 25, 5, '第一名是哪部', '2023-12-28 14:30:00'),
(83, 25, 10, '我都没看过', '2023-12-29 09:45:00'),
(84, 25, 15, '收藏片单', '2023-12-29 16:10:00'),
(85, 25, 20, '准备补片', '2023-12-30 10:00:00'),
(86, 26, 1, '加油', '2024-01-10 10:00:00'),
(87, 26, 7, '目标明确', '2024-01-11 08:30:00'),
(88, 26, 12, '我也列了清单', '2024-01-11 14:20:00'),
(89, 27, 4, '滑雪确实容易摔', '2024-01-20 17:30:00'),
(90, 27, 9, '多练几次就好', '2024-01-21 09:45:00'),
(91, 27, 14, '护具要带好', '2024-01-21 15:10:00'),
(92, 27, 19, '我也想学', '2024-01-22 10:30:00'),
(93, 28, 2, '拍照效果怎么样', '2024-02-01 13:00:00'),
(94, 28, 6, '续航如何', '2024-02-02 08:45:00'),
(95, 28, 11, '价格多少', '2024-02-02 15:20:00'),
(96, 29, 3, '这些工具不错', '2024-02-18 15:30:00'),
(97, 29, 8, '已下载', '2024-02-19 09:20:00'),
(98, 29, 13, '谢谢分享', '2024-02-19 16:10:00'),
(99, 29, 17, '有没有MAC版', '2024-02-20 10:45:00'),
(100, 30, 5, '厉害', '2024-03-05 09:00:00'),
(101, 30, 10, '每天练多久', '2024-03-06 08:30:00'),
(102, 30, 15, '我也在努力', '2024-03-06 14:15:00'),
(103, 31, 1, '收藏食谱', '2024-03-15 12:30:00'),
(104, 31, 7, '看起来不错', '2024-03-16 09:10:00'),
(105, 31, 12, '试一下', '2024-03-16 16:20:00'),
(106, 32, 4, '云南好地方', '2024-03-28 16:00:00'),
(107, 32, 9, '玉龙雪山去了吗', '2024-03-29 10:30:00'),
(108, 32, 14, '住宿有推荐吗', '2024-03-29 17:15:00'),
(109, 32, 18, '收藏了', '2024-03-30 09:45:00'),
(110, 33, 2, '手机也能拍大片', '2024-04-10 10:45:00'),
(111, 33, 6, '学到了', '2024-04-11 08:20:00'),
(112, 33, 11, '用什么手机', '2024-04-11 14:50:00'),
(113, 34, 3, '焦虑真的很困扰', '2024-04-20 14:00:00'),
(114, 34, 8, '试试冥想', '2024-04-21 09:30:00'),
(115, 34, 13, '运动也有用', '2024-04-21 16:40:00'),
(116, 34, 17, '谢谢分享', '2024-04-22 10:15:00'),
(117, 35, 5, '情商很重要', '2024-05-02 17:30:00'),
(118, 35, 10, '学到了', '2024-05-03 08:45:00'),
(119, 35, 15, '收藏', '2024-05-03 14:20:00'),
(120, 36, 1, '旧物改造环保', '2024-05-15 09:45:00'),
(121, 36, 7, '有教程吗', '2024-05-16 10:30:00'),
(122, 36, 12, '我也想试试', '2024-05-16 16:10:00'),
(123, 36, 18, '作品呢', '2024-05-17 09:00:00'),
(124, 37, 4, '乐队叫什么', '2024-05-25 15:00:00'),
(125, 37, 9, '我也喜欢独立音乐', '2024-05-26 09:20:00'),
(126, 37, 14, '推荐几首', '2024-05-26 15:30:00'),
(127, 38, 2, '加油考鸭', '2024-06-01 11:15:00'),
(128, 38, 6, '同备战', '2024-06-02 08:30:00'),
(129, 38, 11, '口语怎么练', '2024-06-02 14:45:00'),
(130, 38, 16, '一起加油', '2024-06-03 09:30:00'),
(131, 39, 3, '文书很重要', '2024-06-10 17:45:00'),
(132, 39, 8, '中介还是DIY', '2024-06-11 10:00:00'),
(133, 39, 13, '求模板', '2024-06-11 16:20:00'),
(134, 40, 5, '我也想搞自媒体', '2024-06-20 09:30:00'),
(135, 40, 10, '怎么起步', '2024-06-21 08:45:00'),
(136, 40, 15, '做什么方向', '2024-06-21 14:10:00'),
(137, 40, 19, '收益怎么样', '2024-06-22 09:50:00'),
(138, 41, 1, '羡慕数字游民', '2024-06-30 12:30:00'),
(139, 41, 7, '需要什么技能', '2024-07-01 09:15:00'),
(140, 41, 12, '我也想过这种生活', '2024-07-01 15:40:00'),
(141, 41, 17, '加油', '2024-07-02 10:00:00'),
(142, 42, 4, '我觉得有用', '2024-01-05 16:15:00'),
(143, 42, 9, '看需求', '2024-01-06 09:30:00'),
(144, 42, 14, '我买了吃灰', '2024-01-06 14:50:00'),
(145, 43, 2, '有几本我也读过', '2023-12-10 12:00:00'),
(146, 43, 6, '求推荐', '2023-12-11 08:20:00'),
(147, 43, 11, '收藏', '2023-12-11 15:10:00'),
(148, 43, 16, '谢谢分享', '2023-12-12 09:45:00'),
(149, 44, 3, '同困扰', '2024-02-25 10:15:00'),
(150, 44, 8, '多沟通', '2024-02-26 08:30:00'),
(151, 44, 13, '试试游戏化学习', '2024-02-26 16:00:00'),
(152, 44, 18, '我家也是', '2024-02-27 09:20:00'),
(153, 45, 5, '抽不到角色', '2023-11-20 17:00:00'),
(154, 45, 10, '钟离必练', '2023-11-21 09:45:00'),
(155, 45, 15, '收藏', '2023-11-21 15:30:00'),
(156, 45, 20, '刚入坑', '2023-11-22 10:15:00'),
(157, 46, 1, '存钱难', '2024-03-08 14:45:00'),
(158, 46, 7, '试试52周存钱法', '2024-03-09 08:30:00'),
(159, 46, 12, '学到了', '2024-03-09 15:20:00'),
(160, 47, 4, '公园不错', '2024-01-18 11:30:00'),
(161, 47, 9, '哪个公园', '2024-01-19 09:15:00'),
(162, 47, 14, '周末也想去', '2024-01-19 16:10:00'),
(163, 48, 2, 'PPT好难', '2024-04-05 14:00:00'),
(164, 48, 6, '有模板吗', '2024-04-06 08:45:00'),
(165, 48, 11, '收藏', '2024-04-06 15:30:00'),
(166, 48, 17, '谢谢分享', '2024-04-07 09:20:00'),
(167, 49, 3, '爬山累并快乐', '2024-05-08 10:30:00'),
(168, 49, 8, '哪里爬的', '2024-05-09 08:15:00'),
(169, 49, 13, '注意安全', '2024-05-09 16:40:00'),
(170, 49, 18, '我也想去', '2024-05-10 09:50:00'),
(171, 50, 5, '异地恋很辛苦', '2024-06-12 18:30:00'),
(172, 50, 10, '信任最重要', '2024-06-13 09:00:00'),
(173, 50, 15, '加油', '2024-06-13 15:20:00'),
(174, 50, 20, '同异地', '2024-06-14 10:10:00'),
(175, 3, 14, '书不错', '2023-02-20 09:30:00'),
(176, 6, 12, '电影经典', '2023-03-27 10:45:00'),
(177, 9, 16, '照片好看', '2023-05-03 08:20:00'),
(178, 12, 19, '学习了', '2023-06-27 09:15:00'),
(179, 15, 20, '基金亏了', '2023-08-18 11:00:00'),
(180, 18, 15, '求店名', '2023-09-28 10:30:00'),
(181, 21, 19, '油皮路过', '2023-11-05 09:45:00'),
(182, 24, 17, '活着好看', '2023-12-17 14:20:00'),
(183, 27, 8, '摔跤正常', '2024-01-23 08:30:00'),
(184, 30, 13, '马甲线好难', '2024-03-07 09:15:00'),
(185, 33, 19, '拍照技巧', '2024-04-12 10:00:00'),
(186, 36, 15, 'DIY不错', '2024-05-18 09:30:00'),
(187, 39, 2, '文书难写', '2024-06-12 08:45:00'),
(188, 42, 18, '智能手表', '2024-01-07 10:15:00'),
(189, 45, 3, '原神好玩', '2023-11-23 09:20:00'),
(190, 48, 12, 'PPT收藏', '2024-04-08 10:30:00'),
(191, 1, 9, '支持', '2023-01-22 10:45:00'),
(192, 2, 13, '想去', '2023-02-03 09:30:00'),
(193, 5, 16, '加油', '2023-03-17 08:15:00'),
(194, 8, 19, 'AI时代', '2023-04-23 10:00:00'),
(195, 11, 4, '背单词', '2023-06-07 09:45:00'),
(196, 14, 11, '职场', '2023-08-01 08:30:00'),
(197, 17, 18, '巨人', '2023-09-12 10:15:00'),
(198, 20, 2, '穿搭', '2023-10-22 09:20:00'),
(199, 23, 5, '多肉', '2023-12-04 08:45:00'),
(200, 26, 10, '计划', '2024-01-12 09:00:00');
