INSERT INTO `user` (`user_id`, `username`, `password`, `avatar`, `create_time`) VALUES
(1, 'user1', '$2a$10$hijklmnopqrstuv', 'http://82.156.127.133:9000/rednote-bucket/341e8bbe-7981-4f7c-9d63-e38eaedc1ae7_002.png', NOW()),
(2, 'user2', '$2a$10$ahijklmnopqrstuv', 'http://82.156.127.133:9000/rednote-bucket/341e8bbe-7981-4f7c-9d63-e38eaedc1ae7_002.png', NOW()),
(3, 'user3', '$2a$10$abfghijklmnopqrstuv', 'http://82.156.127.133:9000/rednote-bucket/341e8bbe-7981-4f7c-9d63-e38eaedc1ae7_002.png', NOW()),
(4, 'user4', '$2a$10$aefghijklmnopqrstuv', 'http://82.156.127.133:9000/rednote-bucket/341e8bbe-7981-4f7c-9d63-e38eaedc1ae7_002.png', NOW()),
(5, 'user5', '$2a$10$acdefghijklmnopqrstuv', 'http://82.156.127.133:9000/rednote-bucket/341e8bbe-7981-4f7c-9d63-e38eaedc1ae7_002.png', NOW()),
(6, 'user6', '$2a$10$abefghijklmnopqrstuv', 'http://82.156.127.133:9000/rednote-bucket/341e8bbe-7981-4f7c-9d63-e38eaedc1ae7_002.png', NOW()),
(7, 'user7', '$2a$10$aefghijklmnopqrstuv', 'http://82.156.127.133:9000/rednote-bucket/341e8bbe-7981-4f7c-9d63-e38eaedc1ae7_002.png', NOW()),
(8, 'user8', '$2a$10$abefghijklmnopqrstuv', 'http://82.156.127.133:9000/rednote-bucket/341e8bbe-7981-4f7c-9d63-e38eaedc1ae7_002.png', NOW()),
(9, 'user9', '$2a$10$abcfghijklmnopqrstuv', 'http://82.156.127.133:9000/rednote-bucket/341e8bbe-7981-4f7c-9d63-e38eaedc1ae7_002.png', NOW()),
(10, 'user10', '$2a$10$abdefghijklmnopqrstuv', 'http://82.156.127.133:9000/rednote-bucket/341e8bbe-7981-4f7c-9d63-e38eaedc1ae7_002.png', NOW());

-- 2. 插入10条用户详情 (user_details.user_id 与 user.user_id 一致)
INSERT INTO `user_details` (`user_id`, `phone`, `email`, `nickname`, `avatar`, `gender`, `bio`, `follow_count`, `fans_count`, `post_count`, `like_receive_count`, `status`, `last_login_time`, `created_time`, `updated_time`) VALUES
(1, '13800000001', 'user1@example.com', '用户1', 'http://82.156.127.133:9000/rednote-bucket/341e8bbe-7981-4f7c-9d63-e38eaedc1ae7_002.png', 1, '这是用户1的简介', 0, 0, 0, 0, 1, NOW(), NOW(), NOW()),
(2, '13800000002', 'user2@example.com', '用户2', 'http://82.156.127.133:9000/rednote-bucket/341e8bbe-7981-4f7c-9d63-e38eaedc1ae7_002.png', 2, '这是用户2的简介', 0, 0, 0, 0, 1, NOW(), NOW(), NOW()),
(3, '13800000003', 'user3@example.com', '用户3', 'http://82.156.127.133:9000/rednote-bucket/341e8bbe-7981-4f7c-9d63-e38eaedc1ae7_002.png', 0, '这是用户3的简介', 0, 0, 0, 0, 1, NOW(), NOW(), NOW()),
(4, '13800000004', 'user4@example.com', '用户4', 'http://82.156.127.133:9000/rednote-bucket/341e8bbe-7981-4f7c-9d63-e38eaedc1ae7_002.png', 1, '这是用户4的简介', 0, 0, 0, 0, 1, NOW(), NOW(), NOW()),
(5, '13800000005', 'user5@example.com', '用户5', 'http://82.156.127.133:9000/rednote-bucket/341e8bbe-7981-4f7c-9d63-e38eaedc1ae7_002.png', 2, '这是用户5的简介', 0, 0, 0, 0, 1, NOW(), NOW(), NOW()),
(6, '13800000006', 'user6@example.com', '用户6', 'http://82.156.127.133:9000/rednote-bucket/341e8bbe-7981-4f7c-9d63-e38eaedc1ae7_002.png', 1, '这是用户6的简介', 0, 0, 0, 0, 1, NOW(), NOW(), NOW()),
(7, '13800000007', 'user7@example.com', '用户7', 'http://82.156.127.133:9000/rednote-bucket/341e8bbe-7981-4f7c-9d63-e38eaedc1ae7_002.png', 0, '这是用户7的简介', 0, 0, 0, 0, 1, NOW(), NOW(), NOW()),
(8, '13800000008', 'user8@example.com', '用户8', 'http://82.156.127.133:9000/rednote-bucket/341e8bbe-7981-4f7c-9d63-e38eaedc1ae7_002.png', 2, '这是用户8的简介', 0, 0, 0, 0, 1, NOW(), NOW(), NOW()),
(9, '13800000009', 'user9@example.com', '用户9', 'http://82.156.127.133:9000/rednote-bucket/341e8bbe-7981-4f7c-9d63-e38eaedc1ae7_002.png', 1, '这是用户9的简介', 0, 0, 0, 0, 1, NOW(), NOW(), NOW()),
(10, '13800000010', 'user10@example.com', '用户10', 'http://82.156.127.133:9000/rednote-bucket/341e8bbe-7981-4f7c-9d63-e38eaedc1ae7_002.png', 1, '这是用户10的简介', 0, 0, 0, 0, 1, NOW(), NOW(), NOW());

-- 3. 插入3个话题 (topic_id 1 ~ 3)
INSERT INTO `topic` (`topic_id`, `topic_name`, `topic_description`, `topic_icon`, `cover`, `post_count`, `follow_count`, `is_hot`, `created_time`) VALUES
(1, '科技', '讨论最新科技动态', 'http://82.156.127.133:9000/rednote-bucket/341e8bbe-7981-4f7c-9d63-e38eaedc1ae7_002.png', 'http://82.156.127.133:9000/rednote-bucket/341e8bbe-7981-4f7c-9d63-e38eaedc1ae7_002.png', 0, 0, 1, NOW()),
(2, '美食', '分享美食探店与制作', 'http://82.156.127.133:9000/rednote-bucket/341e8bbe-7981-4f7c-9d63-e38eaedc1ae7_002.png', 'http://82.156.127.133:9000/rednote-bucket/341e8bbe-7981-4f7c-9d63-e38eaedc1ae7_002.png', 0, 0, 1, NOW()),
(3, '旅行', '记录旅途风景与攻略', 'http://82.156.127.133:9000/rednote-bucket/341e8bbe-7981-4f7c-9d63-e38eaedc1ae7_002.png', 'http://82.156.127.133:9000/rednote-bucket/341e8bbe-7981-4f7c-9d63-e38eaedc1ae7_002.png', 0, 0, 0, NOW());

-- 4. 插入30个帖子 (post_id 1 ~ 30)
-- 帖子发布者随机分配，这里让每个用户发3个帖子（正好30个）
INSERT INTO `post` (`post_id`, `user_id`, `title`, `content`, `create_time`) VALUES
(1, 1, '科技帖1：AI最新进展', '人工智能领域又有了新突破...', NOW()),
(2, 1, '科技帖2：量子计算入门', '量子计算的基本原理介绍...', NOW()),
(3, 1, '科技帖3：5G未来展望', '5G技术将如何改变生活...', NOW()),
(4, 2, '科技帖4：区块链应用', '区块链在金融之外的应用...', NOW()),
(5, 2, '科技帖5：虚拟现实', 'VR设备体验分享...', NOW()),
(6, 2, '科技帖6：无人驾驶', '无人驾驶技术现状...', NOW()),
(7, 3, '科技帖7：智能手机', '最新旗舰手机评测...', NOW()),
(8, 3, '科技帖8：编程语言', '2025年最值得学习的语言...', NOW()),
(9, 3, '科技帖9：数据中心', '绿色数据中心的发展...', NOW()),
(10, 4, '科技帖10：太空探索', '商业航天的最新动态...', NOW()),
(11, 4, '美食帖1：火锅攻略', '本地最好吃的火锅店推荐...', NOW()),
(12, 4, '美食帖2：甜品制作', '在家自制提拉米苏...', NOW()),
(13, 5, '美食帖3：烧烤指南', '户外烧烤必备清单...', NOW()),
(14, 5, '美食帖4：咖啡文化', '不同咖啡豆的风味区别...', NOW()),
(15, 5, '美食帖5：素食餐厅', '几家不错的素食餐厅...', NOW()),
(16, 6, '美食帖6：街头小吃', '隐藏在小巷里的美味...', NOW()),
(17, 6, '美食帖7：烘焙入门', '新手烘焙工具推荐...', NOW()),
(18, 6, '美食帖8：葡萄酒', '红酒选购小技巧...', NOW()),
(19, 7, '美食帖9：海鲜大餐', '海鲜市场的挑选攻略...', NOW()),
(20, 7, '美食帖10：便当食谱', '一周不重样便当搭配...', NOW()),
(21, 7, '旅行帖1：云南游记', '大理丽江七日游攻略...', NOW()),
(22, 8, '旅行帖2：西藏之旅', '高原旅行的注意事项...', NOW()),
(23, 8, '旅行帖3：海岛度假', '马尔代夫选岛指南...', NOW()),
(24, 8, '旅行帖4：自驾游', '川藏线自驾经验分享...', NOW()),
(25, 9, '旅行帖5：欧洲背包', '一个月穷游欧洲...', NOW()),
(26, 9, '旅行帖6：日本樱花', '京都赏樱最佳路线...', NOW()),
(27, 9, '旅行帖7：泰国夜市', '曼谷夜市美食合集...', NOW()),
(28, 10, '旅行帖8：新疆草原', '那拉提草原露营记录...', NOW()),
(29, 10, '旅行帖9：登山装备', '新手登山装备清单...', NOW()),
(30, 10, '旅行帖10：摄影技巧', '旅行拍照的构图技巧...', NOW());

-- 5. 插入30条帖子详情 (post_details)，每个帖子一条，post_id与上面对应，user_id与post相同
INSERT INTO `post_details` (`post_id`, `user_id`, `title`, `content`, `type`, `topic_ids`, `cover_image`, `view_count`, `like_count`, `comment_count`, `collect_count`, `status`, `audit_remark`, `audit_time`, `created_time`, `updated_time`) VALUES
(1, 1, 'AI最新进展', '人工智能领域又有了新突破...', 3, '1', 'http://82.156.127.133:9000/rednote-bucket/341e8bbe-7981-4f7c-9d63-e38eaedc1ae7_002.png', 0, 0, 0, 0, 1, NULL, NULL, NOW(), NOW()),
(2, 1, '量子计算入门', '量子计算的基本原理介绍...', 3, '1', 'http://82.156.127.133:9000/rednote-bucket/341e8bbe-7981-4f7c-9d63-e38eaedc1ae7_002.png', 0, 0, 0, 0, 1, NULL, NULL, NOW(), NOW()),
(3, 1, '5G未来展望', '5G技术将如何改变生活...', 3, '1', 'http://82.156.127.133:9000/rednote-bucket/341e8bbe-7981-4f7c-9d63-e38eaedc1ae7_002.png', 0, 0, 0, 0, 1, NULL, NULL, NOW(), NOW()),
(4, 2, '区块链应用', '区块链在金融之外的应用...', 3, '1', 'http://82.156.127.133:9000/rednote-bucket/341e8bbe-7981-4f7c-9d63-e38eaedc1ae7_002.png', 0, 0, 0, 0, 1, NULL, NULL, NOW(), NOW()),
(5, 2, '虚拟现实', 'VR设备体验分享...', 3, '1', 'http://82.156.127.133:9000/rednote-bucket/341e8bbe-7981-4f7c-9d63-e38eaedc1ae7_002.png', 0, 0, 0, 0, 1, NULL, NULL, NOW(), NOW()),
(6, 2, '无人驾驶', '无人驾驶技术现状...', 3, '1', 'http://82.156.127.133:9000/rednote-bucket/341e8bbe-7981-4f7c-9d63-e38eaedc1ae7_002.png', 0, 0, 0, 0, 1, NULL, NULL, NOW(), NOW()),
(7, 3, '智能手机', '最新旗舰手机评测...', 3, '1', 'http://82.156.127.133:9000/rednote-bucket/341e8bbe-7981-4f7c-9d63-e38eaedc1ae7_002.png', 0, 0, 0, 0, 1, NULL, NULL, NOW(), NOW()),
(8, 3, '编程语言', '2025年最值得学习的语言...', 3, '1', 'http://82.156.127.133:9000/rednote-bucket/341e8bbe-7981-4f7c-9d63-e38eaedc1ae7_002.png', 0, 0, 0, 0, 1, NULL, NULL, NOW(), NOW()),
(9, 3, '数据中心', '绿色数据中心的发展...', 3, '1', 'http://82.156.127.133:9000/rednote-bucket/341e8bbe-7981-4f7c-9d63-e38eaedc1ae7_002.png', 0, 0, 0, 0, 1, NULL, NULL, NOW(), NOW()),
(10, 4, '太空探索', '商业航天的最新动态...', 3, '1', 'http://82.156.127.133:9000/rednote-bucket/341e8bbe-7981-4f7c-9d63-e38eaedc1ae7_002.png', 0, 0, 0, 0, 1, NULL, NULL, NOW(), NOW()),
(11, 4, '火锅攻略', '本地最好吃的火锅店推荐...', 3, '2', 'http://82.156.127.133:9000/rednote-bucket/341e8bbe-7981-4f7c-9d63-e38eaedc1ae7_002.png', 0, 0, 0, 0, 1, NULL, NULL, NOW(), NOW()),
(12, 4, '甜品制作', '在家自制提拉米苏...', 3, '2', 'http://82.156.127.133:9000/rednote-bucket/341e8bbe-7981-4f7c-9d63-e38eaedc1ae7_002.png', 0, 0, 0, 0, 1, NULL, NULL, NOW(), NOW()),
(13, 5, '烧烤指南', '户外烧烤必备清单...', 3, '2', 'http://82.156.127.133:9000/rednote-bucket/341e8bbe-7981-4f7c-9d63-e38eaedc1ae7_002.png', 0, 0, 0, 0, 1, NULL, NULL, NOW(), NOW()),
(14, 5, '咖啡文化', '不同咖啡豆的风味区别...', 3, '2', 'http://82.156.127.133:9000/rednote-bucket/341e8bbe-7981-4f7c-9d63-e38eaedc1ae7_002.png', 0, 0, 0, 0, 1, NULL, NULL, NOW(), NOW()),
(15, 5, '素食餐厅', '几家不错的素食餐厅...', 3, '2', 'http://82.156.127.133:9000/rednote-bucket/341e8bbe-7981-4f7c-9d63-e38eaedc1ae7_002.png', 0, 0, 0, 0, 1, NULL, NULL, NOW(), NOW()),
(16, 6, '街头小吃', '隐藏在小巷里的美味...', 3, '2', 'http://82.156.127.133:9000/rednote-bucket/341e8bbe-7981-4f7c-9d63-e38eaedc1ae7_002.png', 0, 0, 0, 0, 1, NULL, NULL, NOW(), NOW()),
(17, 6, '烘焙入门', '新手烘焙工具推荐...', 3, '2', 'http://82.156.127.133:9000/rednote-bucket/341e8bbe-7981-4f7c-9d63-e38eaedc1ae7_002.png', 0, 0, 0, 0, 1, NULL, NULL, NOW(), NOW()),
(18, 6, '葡萄酒', '红酒选购小技巧...', 3, '2', 'http://82.156.127.133:9000/rednote-bucket/341e8bbe-7981-4f7c-9d63-e38eaedc1ae7_002.png', 0, 0, 0, 0, 1, NULL, NULL, NOW(), NOW()),
(19, 7, '海鲜大餐', '海鲜市场的挑选攻略...', 3, '2', 'http://82.156.127.133:9000/rednote-bucket/341e8bbe-7981-4f7c-9d63-e38eaedc1ae7_002.png', 0, 0, 0, 0, 1, NULL, NULL, NOW(), NOW()),
(20, 7, '便当食谱', '一周不重样便当搭配...', 3, '2', 'http://82.156.127.133:9000/rednote-bucket/341e8bbe-7981-4f7c-9d63-e38eaedc1ae7_002.png', 0, 0, 0, 0, 1, NULL, NULL, NOW(), NOW()),
(21, 7, '云南游记', '大理丽江七日游攻略...', 3, '3', 'http://82.156.127.133:9000/rednote-bucket/341e8bbe-7981-4f7c-9d63-e38eaedc1ae7_002.png', 0, 0, 0, 0, 1, NULL, NULL, NOW(), NOW()),
(22, 8, '西藏之旅', '高原旅行的注意事项...', 3, '3', 'http://82.156.127.133:9000/rednote-bucket/341e8bbe-7981-4f7c-9d63-e38eaedc1ae7_002.png', 0, 0, 0, 0, 1, NULL, NULL, NOW(), NOW()),
(23, 8, '海岛度假', '马尔代夫选岛指南...', 3, '3', 'http://82.156.127.133:9000/rednote-bucket/341e8bbe-7981-4f7c-9d63-e38eaedc1ae7_002.png', 0, 0, 0, 0, 1, NULL, NULL, NOW(), NOW()),
(24, 8, '自驾游', '川藏线自驾经验分享...', 3, '3', 'http://82.156.127.133:9000/rednote-bucket/341e8bbe-7981-4f7c-9d63-e38eaedc1ae7_002.png', 0, 0, 0, 0, 1, NULL, NULL, NOW(), NOW()),
(25, 9, '欧洲背包', '一个月穷游欧洲...', 3, '3', 'http://82.156.127.133:9000/rednote-bucket/341e8bbe-7981-4f7c-9d63-e38eaedc1ae7_002.png', 0, 0, 0, 0, 1, NULL, NULL, NOW(), NOW()),
(26, 9, '日本樱花', '京都赏樱最佳路线...', 3, '3', 'http://82.156.127.133:9000/rednote-bucket/341e8bbe-7981-4f7c-9d63-e38eaedc1ae7_002.png', 0, 0, 0, 0, 1, NULL, NULL, NOW(), NOW()),
(27, 9, '泰国夜市', '曼谷夜市美食合集...', 3, '3', 'http://82.156.127.133:9000/rednote-bucket/341e8bbe-7981-4f7c-9d63-e38eaedc1ae7_002.png', 0, 0, 0, 0, 1, NULL, NULL, NOW(), NOW()),
(28, 10, '新疆草原', '那拉提草原露营记录...', 3, '3', 'http://82.156.127.133:9000/rednote-bucket/341e8bbe-7981-4f7c-9d63-e38eaedc1ae7_002.png', 0, 0, 0, 0, 1, NULL, NULL, NOW(), NOW()),
(29, 10, '登山装备', '新手登山装备清单...', 3, '3', 'http://82.156.127.133:9000/rednote-bucket/341e8bbe-7981-4f7c-9d63-e38eaedc1ae7_002.png', 0, 0, 0, 0, 1, NULL, NULL, NOW(), NOW()),
(30, 10, '摄影技巧', '旅行拍照的构图技巧...', 3, '3', 'http://82.156.127.133:9000/rednote-bucket/341e8bbe-7981-4f7c-9d63-e38eaedc1ae7_002.png', 0, 0, 0, 0, 1, NULL, NULL, NOW(), NOW());

-- 6. 插入30张帖子图片 (每个帖子1张)
INSERT INTO `post_image` (`post_id`, `url`, `created_time`) VALUES
(1, 'http://82.156.127.133:9000/rednote-bucket/341e8bbe-7981-4f7c-9d63-e38eaedc1ae7_002.png', NOW()),
(2, 'http://82.156.127.133:9000/rednote-bucket/341e8bbe-7981-4f7c-9d63-e38eaedc1ae7_002.png', NOW()),
(3, 'http://82.156.127.133:9000/rednote-bucket/341e8bbe-7981-4f7c-9d63-e38eaedc1ae7_002.png', NOW()),
(4, 'http://82.156.127.133:9000/rednote-bucket/341e8bbe-7981-4f7c-9d63-e38eaedc1ae7_002.png', NOW()),
(5, 'http://82.156.127.133:9000/rednote-bucket/341e8bbe-7981-4f7c-9d63-e38eaedc1ae7_002.png', NOW()),
(6, 'http://82.156.127.133:9000/rednote-bucket/341e8bbe-7981-4f7c-9d63-e38eaedc1ae7_002.png', NOW()),
(7, 'http://82.156.127.133:9000/rednote-bucket/341e8bbe-7981-4f7c-9d63-e38eaedc1ae7_002.png', NOW()),
(8, 'http://82.156.127.133:9000/rednote-bucket/341e8bbe-7981-4f7c-9d63-e38eaedc1ae7_002.png', NOW()),
(9, 'http://82.156.127.133:9000/rednote-bucket/341e8bbe-7981-4f7c-9d63-e38eaedc1ae7_002.png', NOW()),
(10, 'http://82.156.127.133:9000/rednote-bucket/341e8bbe-7981-4f7c-9d63-e38eaedc1ae7_002.png', NOW()),
(11, 'http://82.156.127.133:9000/rednote-bucket/341e8bbe-7981-4f7c-9d63-e38eaedc1ae7_002.png', NOW()),
(12, 'http://82.156.127.133:9000/rednote-bucket/341e8bbe-7981-4f7c-9d63-e38eaedc1ae7_002.png', NOW()),
(13, 'http://82.156.127.133:9000/rednote-bucket/341e8bbe-7981-4f7c-9d63-e38eaedc1ae7_002.png', NOW()),
(14, 'http://82.156.127.133:9000/rednote-bucket/341e8bbe-7981-4f7c-9d63-e38eaedc1ae7_002.png', NOW()),
(15, 'http://82.156.127.133:9000/rednote-bucket/341e8bbe-7981-4f7c-9d63-e38eaedc1ae7_002.png', NOW()),
(16, 'http://82.156.127.133:9000/rednote-bucket/341e8bbe-7981-4f7c-9d63-e38eaedc1ae7_002.png', NOW()),
(17, 'http://82.156.127.133:9000/rednote-bucket/341e8bbe-7981-4f7c-9d63-e38eaedc1ae7_002.png', NOW()),
(18, 'http://82.156.127.133:9000/rednote-bucket/341e8bbe-7981-4f7c-9d63-e38eaedc1ae7_002.png', NOW()),
(19, 'http://82.156.127.133:9000/rednote-bucket/341e8bbe-7981-4f7c-9d63-e38eaedc1ae7_002.png', NOW()),
(20, 'http://82.156.127.133:9000/rednote-bucket/341e8bbe-7981-4f7c-9d63-e38eaedc1ae7_002.png', NOW()),
(21, 'http://82.156.127.133:9000/rednote-bucket/341e8bbe-7981-4f7c-9d63-e38eaedc1ae7_002.png', NOW()),
(22, 'http://82.156.127.133:9000/rednote-bucket/341e8bbe-7981-4f7c-9d63-e38eaedc1ae7_002.png', NOW()),
(23, 'http://82.156.127.133:9000/rednote-bucket/341e8bbe-7981-4f7c-9d63-e38eaedc1ae7_002.png', NOW()),
(24, 'http://82.156.127.133:9000/rednote-bucket/341e8bbe-7981-4f7c-9d63-e38eaedc1ae7_002.png', NOW()),
(25, 'http://82.156.127.133:9000/rednote-bucket/341e8bbe-7981-4f7c-9d63-e38eaedc1ae7_002.png', NOW()),
(26, 'http://82.156.127.133:9000/rednote-bucket/341e8bbe-7981-4f7c-9d63-e38eaedc1ae7_002.png', NOW()),
(27, 'http://82.156.127.133:9000/rednote-bucket/341e8bbe-7981-4f7c-9d63-e38eaedc1ae7_002.png', NOW()),
(28, 'http://82.156.127.133:9000/rednote-bucket/341e8bbe-7981-4f7c-9d63-e38eaedc1ae7_002.png', NOW()),
(29, 'http://82.156.127.133:9000/rednote-bucket/341e8bbe-7981-4f7c-9d63-e38eaedc1ae7_002.png', NOW()),
(30, 'http://82.156.127.133:9000/rednote-bucket/341e8bbe-7981-4f7c-9d63-e38eaedc1ae7_002.png', NOW());

-- 7. 插入帖子-话题关联：前10个帖子对应话题1，中间10个对应话题2，最后10个对应话题3
INSERT INTO `post_topic` (`post_id`, `topic_id`, `created_time`) VALUES
(1, 1, NOW()), (2, 1, NOW()), (3, 1, NOW()), (4, 1, NOW()), (5, 1, NOW()),
(6, 1, NOW()), (7, 1, NOW()), (8, 1, NOW()), (9, 1, NOW()), (10, 1, NOW()),
(11, 2, NOW()), (12, 2, NOW()), (13, 2, NOW()), (14, 2, NOW()), (15, 2, NOW()),
(16, 2, NOW()), (17, 2, NOW()), (18, 2, NOW()), (19, 2, NOW()), (20, 2, NOW()),
(21, 3, NOW()), (22, 3, NOW()), (23, 3, NOW()), (24, 3, NOW()), (25, 3, NOW()),
(26, 3, NOW()), (27, 3, NOW()), (28, 3, NOW()), (29, 3, NOW()), (30, 3, NOW());

-- 8. 插入评论 (可选，每个帖子2条，共60条)
INSERT INTO `comment` (`post_id`, `user_id`, `content`, `create_time`) VALUES
(1, 2, '这篇文章很有启发！', NOW()),
(1, 3, '感谢分享，学习了。', NOW()),
(2, 4, '量子计算真的神奇', NOW()),
(2, 5, '期待后续内容', NOW()),
(3, 6, '5G未来可期', NOW()),
(3, 7, '分析得很透彻', NOW()),
(4, 8, '区块链应用场景很多', NOW()),
(4, 9, '不错，收藏了', NOW()),
(5, 10, 'VR体验过，确实震撼', NOW()),
(5, 1, '设备价格还是偏高', NOW()),
(6, 2, '无人驾驶安全第一', NOW()),
(6, 3, '期待早日普及', NOW()),
(7, 4, '手机评测很详细', NOW()),
(7, 5, '正准备换手机', NOW()),
(8, 6, 'Python永远的神', NOW()),
(8, 7, 'Go语言也不错', NOW()),
(9, 8, '绿色数据中心是趋势', NOW()),
(9, 9, '环保很重要', NOW()),
(10, 10, '太空探索令人向往', NOW()),
(10, 1, '马斯克加油', NOW()),
(11, 2, '火锅我的最爱', NOW()),
(11, 3, '这家店我也去过', NOW()),
(12, 4, '提拉米苏做法简单', NOW()),
(12, 5, '回去试试', NOW()),
(13, 6, '烧烤必备清单很实用', NOW()),
(13, 7, '周末就去', NOW()),
(14, 8, '咖啡爱好者路过', NOW()),
(14, 9, '推荐尝试手冲', NOW()),
(15, 10, '素食餐厅收藏了', NOW()),
(15, 1, '健康饮食', NOW()),
(16, 2, '街头小吃最接地气', NOW()),
(16, 3, '看起来不错', NOW()),
(17, 4, '烘焙新手表示很需要', NOW()),
(17, 5, '烤箱已买', NOW()),
(18, 6, '红酒知识+1', NOW()),
(18, 7, '喜欢赤霞珠', NOW()),
(19, 8, '海鲜大餐馋了', NOW()),
(19, 9, '周末去市场', NOW()),
(20, 10, '便当食谱很实用', NOW()),
(20, 1, '每天带饭', NOW()),
(21, 2, '云南风景真美', NOW()),
(21, 3, '去年刚去过', NOW()),
(22, 4, '西藏是梦想之地', NOW()),
(22, 5, '高反是个问题', NOW()),
(23, 6, '马尔代夫好贵', NOW()),
(23, 7, '攒钱中', NOW()),
(24, 8, '川藏线风景绝了', NOW()),
(24, 9, '注意安全', NOW()),
(25, 10, '穷游欧洲很有经验', NOW()),
(25, 1, '期待更多分享', NOW()),
(26, 2, '日本樱花季很美', NOW()),
(26, 3, '人太多了', NOW()),
(27, 4, '泰国夜市必去', NOW()),
(27, 5, '火车夜市不错', NOW()),
(28, 6, '新疆草原太治愈', NOW()),
(28, 7, '想去', NOW()),
(29, 8, '登山装备很重要', NOW()),
(29, 9, '安全第一', NOW()),
(30, 10, '摄影技巧很受用', NOW()),
(30, 1, '学到了', NOW());

-- 9. 插入关注关系 (每个用户随机关注3~5个其他用户，共约45条)
-- 使用交叉连接生成候选，然后去重、排除自关注，随机取一部分
-- 这里手动列举一些关注关系以保证可读性，也可用存储过程，但为保持脚本简单，直接插入一组合理的关注数据
INSERT INTO `follow` (`follower_id`, `following_id`, `created_time`) VALUES
(1, 2, NOW()), (1, 3, NOW()), (1, 4, NOW()), (1, 5, NOW()),
(2, 1, NOW()), (2, 3, NOW()), (2, 6, NOW()), (2, 7, NOW()),
(3, 4, NOW()), (3, 5, NOW()), (3, 8, NOW()), (3, 9, NOW()),
(4, 1, NOW()), (4, 2, NOW()), (4, 6, NOW()), (4, 10, NOW()),
(5, 2, NOW()), (5, 3, NOW()), (5, 7, NOW()), (5, 8, NOW()),
(6, 1, NOW()), (6, 4, NOW()), (6, 9, NOW()), (6, 10, NOW()),
(7, 3, NOW()), (7, 5, NOW()), (7, 8, NOW()), (7, 9, NOW()),
(8, 2, NOW()), (8, 4, NOW()), (8, 6, NOW()), (8, 7, NOW()),
(9, 1, NOW()), (9, 5, NOW()), (9, 8, NOW()), (9, 10, NOW()),
(10, 2, NOW()), (10, 3, NOW()), (10, 6, NOW()), (10, 7, NOW()),
(1, 6, NOW()), (2, 8, NOW()), (3, 10, NOW()), (4, 7, NOW()), (5, 9, NOW());
